0.18469698862015993,0.45015210918048665,0.39399761401644684,0.16378354234497805,1.0384429339807466,0.7038704539883056,1.1184122031484758,0.23548853478193676,0.9816334579260793,-0.12004868321268652,0.1359623844852781,0.010303363162041279,-0.7381957713175573,-0.2776867117467605,-0.6052395794258487,-0.9568768014867244,-0.453975379079928,-1.0055155093228796,-1.5834499650717184,-0.5122986951715358
0.07867677041218823,0.5576677266273877,0.9433212780206461,0.02841385492960602,0.43666975697803334,1.4465682599213978,1.658923225640607,0.939113413133221,0.39073754187183923,0.12085267213264411,-0.027037121226042404,0.1392072960850756,0.28040703235070497,-0.8608339566140024,-0.8444003431418756,-0.3248545552569416,-0.5133058315331382,-1.0318849254272227,-0.4750517773616488,-0.16254097356969432
-0.7541904490864428,0.3717521153233973,-0.7122518623021967,0.6930740137435352,0.9044596931745306,1.9057528143470779,0.7277194475298752,1.1238668743424074,0.8929350753317711,0.08016385862285916,-1.278739621250203,-0.20362470981979958,-0.528409250060973,-0.630951941612278,-0.904068691917108,-1.0931607785515296,-1.2109928704315662,-1.2278752243255444,-0.11063514510609851,0.4770009173144843
0.7121346577300228,-0.05673806995402825,-0.2537225765157819,0.33231987684877534,0.9142535875330651,1.1619939730303932,0.385698790737672,0.2600654333470557,0.2984839305637092,0.056199800390483556,0.8774997521413419,-0.8076315938834229,-0.43430866736256996,-1.1958899163069052,-1.2143668502902334,-1.631438390497686,-1.798019451670021,-0.9643761841604617,-0.8782011165573185,-0.924685710216044
-0.5254304713269209,1.0465608949457548,0.9527750438618667,1.1116636867716079,0.2967094866267549,1.542713028644964,0.466024299820575,0.7080556745859066,0.9289056441399244,-0.2958364061705481,0.5175437350633181,-0.7434161813962046,-0.7907255130080125,-1.669874181145683,-1.1401110127671352,-0.7063464712853456,-0.64445190770001,0.41890653949720547,-0.6352343174986519,0.19786229010717854
-0.4357194382177081,0.09472346881017349,0.13471039429886983,1.124763229895814,0.6179717873998514,0.8027504506257411,1.4202737032344985,0.1770698880671605,1.2314899149641783,0.2719522062658898,0.03760460534918257,-1.0971146851389884,-0.9184163105601433,-1.3144187041889435,-1.1927634933964189,-1.5770891307950647,0.1555051233410032,-1.0079975661090743,-0.7954319463625157,0.1344621544245151
0.08019419031004026,0.33853255533536303,1.3509179533020437,0.9912442705626802,1.6138833502292607,1.3579048590430656,0.9431023447563162,1.028943719394855,0.45410779421209035,0.18213224842079678,-0.05298425975342973,0.05450756788335692,-0.7837955994663243,-0.7561096181644372,-1.6392741146166534,-0.4502344711108329,-0.4895288555046346,-0.6232207470621286,-1.1591716007322685,-0.20598642956493002
-0.49630752354572977,0.21385722285896033,0.5255857251798518,0.4752884835466679,1.0059890429257707,1.7057274490070875,1.033354000547549,0.3638781462047493,1.2013507734511242,0.846853273831496,0.14421624129373495,-0.7068526723661005,-1.025854981380415,-0.8427804354710617,-0.426275809454288,-0.9788575350749186,-1.5568735826845135,-0.5187774321395646,0.0427069168417058,0.4362282772247538
-0.5377860327821126,0.8965672857140623,0.4641548195259221,2.0547705484384933,0.9029856304151391,0.850264013142447,1.0515369303330233,0.3007519787855659,0.34011769601598274,-0.6928409098592268,0.28239124795559994,-0.7847212837437607,-1.3716866251650277,-0.9431669158225084,-0.5659074043679224,-1.6802153864732858,-0.6056038087999742,-0.24020439792578396,-0.730508413143888,0.20670641744274626
-0.3925976466771389,1.1005219997609392,0.42615343305889297,0.8738096027456282,1.5170385932263937,1.9746305078720852,-0.0028830759050157972,0.3252125462628296,0.08537301955362053,1.4704035891820038,-0.491133388500407,-0.17477659644064317,-0.9178925482248582,-0.746582016275796,-0.47523925237203246,-1.2196052643216633,-0.4872355518139158,-0.3196193284231083,-0.8113639310314997,0.3166557812261847
-0.29953891844440556,0.7695642464954812,0.5746966793096763,0.5932593564755717,1.4314883101983091,1.5345969437846319,0.445752536562237,0.5502510353975063,0.031223506717291905,-1.2610393277456722,0.49572672432639187,-0.6022328819176269,-0.9915442375713799,-1.3377017175325006,-1.3999693663829946,-0.9761850492048915,-1.1473549986509919,-1.0958388528290373,-0.8342370220143384,-0.2472556271405537
0.4776749794046643,-0.26145131988831855,-0.1143839436533779,0.5909797794345761,1.971382416240536,0.4774660905956214,0.5115692646781109,1.1639876023927251,1.5931516537436616,0.06487046205033467,-0.36887822021140615,-0.819702960714481,-0.32094363620128513,-0.13869266434584682,-0.646135807465835,0.004494333328984412,-0.726616171568139,-1.4082072948930167,-1.2729554665634857,-0.5615296816178221
-0.5015938995379574,0.06581483270182606,0.5715202118761354,1.9017202297554645,-0.43415655314799373,1.4650822395271814,0.4658671011650871,0.5680820010260446,0.2743376358624093,0.08364383295509867,-0.5289536034994483,-1.09125420408245,-0.5820308972837422,-1.2205410113637671,-1.2540417254031655,-1.0484811204566544,-0.729028957383596,-0.770016845512255,-0.5597066934337573,0.23634052229898733
-0.530072345250241,0.9051649011084566,0.2029835381880346,1.1329755096987535,1.4758200563147126,0.827089920366942,0.8003782246024844,1.3127495104469022,0.8896952302082525,0.7798187840091404,-0.7143971386242619,-0.5398329897493362,-0.862225133979859,-0.8584916872230975,0.04764115075852804,-1.7031489646567466,-1.8386303961589978,-1.2996797199299168,-0.9819660642278479,0.007554369593323895
-0.29046512665236546,-0.18562611579226074,0.11975523557299916,0.41148928108345595,0.38327466185938686,0.8439438569016506,0.03866459098502306,0.7012626411739515,0.7131583551600512,-0.26271049399772956,-0.06762942722298713,-0.5503346424363726,-0.10088565238406078,-0.9922894841726949,-0.17595429068827173,-0.8746875040818701,-2.0426519492867024,-0.4261909751924642,-0.43356032507404096,-0.11396468258955136
-0.8301250489656536,0.716017400864317,0.6328658977811961,1.032812587403487,-0.14953734901518623,0.7608014081236696,0.871171037047052,0.2658587956618934,0.33220427282643306,0.2739714493726077,-0.6245726090759168,0.31464140432707915,-0.5809143213371908,-0.6051503584443121,-1.8219909673244015,-0.7469472659206946,-1.3337426406773603,-1.1426357348502778,-0.211312642824801,0.3736476469580812
-0.9655395051810581,0.5564986512019179,0.2113002290580543,0.7472194333891462,0.8623366520552533,0.5501924600757998,1.7428948189178843,0.34016196192683357,1.5409015718933319,1.089538802677554,-0.9827711486817428,-0.09171181793353159,-0.6595982805396432,-1.0795463417366786,-1.1649392554673659,-0.8505648683470006,-1.0565170013241112,-1.0781585681898407,-0.5023813267869659,0.7130817755534231
-0.8934810212402455,0.6565196019323947,-0.16851450833233306,1.340542905766575,1.34506989235103,0.3727653295117396,0.7955199705498852,1.3651587617775047,0.5747139911976415,0.29136286394880384,-0.17673530373095653,-0.19686740849586698,-0.85664274428935,-0.1157496700419619,-1.439944771574652,-0.7968106081685038,-1.2729822857758937,-0.9142103546861639,-0.3690760964474714,0.5292435225027976
-0.34290578316628945,-0.26873569363761,0.5096350601410673,0.564215025617903,1.3069657494051934,1.1949524331947958,0.5237324691055993,0.9971153367625898,0.40040718543330367,0.46025008234575204,-0.13907286866240506,-0.31010204224381305,-0.8064089386304174,-0.9598077756320275,-0.9545875092953592,-1.744042916771289,-0.6087079319791157,-0.9809492118617591,-0.24523583495207119,-0.1363705531852179
-0.542534925989062,0.24945606902495449,0.6668675010418988,1.167426934458272,1.4033066257396032,1.7644664632376572,0.9093704722137885,0.32027905887708374,0.20998932173794171,0.9251007900555497,0.1661701706285877,0.8376192150265573,-0.5161682227657792,-0.7839147868828059,-0.3319106136190316,-0.8154233076709255,-0.027559955900574917,-1.748090181066705,-0.2422447785786238,0.3948495533593019
-0.32775756803452927,0.6402253468471566,0.48152153198321657,0.6738317516600506,1.5151836397849099,1.2642142655797912,0.5959080060685286,0.37252235587437327,0.7764184494133374,0.04974769899557929,-0.27733056933430955,-0.07876300151906693,-0.49097569285136583,-0.5362971939828572,-0.6680051296332736,-1.0798919311148643,-1.121941158622402,-0.47684216341771923,-0.4881521754085221,0.07972025972039848
-1.2873370914377447,0.8657494490067024,0.5009547346942589,0.7515016824162493,0.6146666369828231,1.1610666319262384,0.058022403120565835,0.5567230381524328,0.45991006396732326,0.05979500325487208,-0.21434765738431458,0.3486460165599739,-0.8531663862682419,-0.5585261569163924,-0.04796552017218114,-1.0874917685794594,-0.2909534998998392,-0.9757563588763922,0.022366112258737636,1.054899482251232
0.7760561529496175,0.34593408761451283,0.29923462915568677,1.844111870099703,-0.14079523661065763,1.3419845708401157,0.9388752052332167,-0.23790717002075157,0.22233448177170584,0.3007308420111133,0.761346177457416,-0.5191238067848306,-0.6151110120510785,-0.7833199673915402,-1.5132617899571232,-1.0632400110390605,-1.0276837975475033,-0.5102305056520731,-0.3471406048567915,-0.7820033194074121
-0.19931334652138266,0.2514867194780854,1.675805831057738,0.8486822628327997,-0.13198702208624236,0.7273341915615739,0.34791666625757145,0.658216194535523,0.5521359061975651,-0.09041132140776004,0.06911152006641687,-0.3738333276067822,-0.8062388722263767,-0.9936644214326665,-0.36273371966581236,-1.254339756556153,-1.5236497797884305,-0.26292368592226645,-0.8538668287926399,-0.1609871978435376
-0.5458046383661292,0.7260847598360745,0.1181521934134116,0.03833372002562896,1.3608523103708563,0.5149651265902093,0.9757020478742312,0.33387398396188733,0.5961411131393001,1.2732417953966697,-0.5977697732472804,-0.18240773514146996,-0.5893193153135703,-0.39181820123604283,-0.8407713125260302,-0.8698207228671392,-1.3421845238366559,-0.03706406440303889,-0.7982149379658405,0.21484947593939324
-0.6011653331071009,1.0339544852383105,-0.3402129724795071,1.0564254295311208,1.408903001201198,1.301577049660104,1.2588446554157797,0.25474828187157417,1.1494951116301304,0.5172107533426353,0.10747673381254966,-0.44699431515502414,0.14084286256040968,-1.1179649788686121,-0.9830434443004215,-1.3484657171102468,-1.2027930151102133,-1.2422039102183848,-1.0329145926611383,0.2683199302086536
-0.1517201028255244,0.3603300190623734,-0.2415540712692552,0.4014393991259007,0.5225590623396916,0.5739550188068652,0.7495469766816283,1.2185872998811045,-0.23750766604521967,0.8691844815835765,0.6784680166393596,0.5463332091964561,-0.9779198345452931,-0.5829617134401942,-0.5161346747492634,-0.19105450021524484,-1.2732410085712766,-0.3970746203284753,-1.4956057938331122,0.03611643964372796
-0.06328652308669491,0.03607968861544808,0.36258665637928633,0.603043168774607,1.8251190154108605,0.006491448684281864,0.9047097368425676,1.60111377988401,0.29213695181119453,0.42979419563989674,0.7383020298324474,-0.4593713485890071,-0.5943583908512573,-0.8211546511791699,0.6070101637593232,-0.8944642111152238,-1.323387565397644,-1.240290014563492,-0.32122740316472265,-0.2891369357235226
-0.33817746846032026,0.08290234892974888,-0.2012686453928686,1.213072564320384,1.19897518707254,0.9469937508655049,1.109018902662069,2.22498383089034,0.36653072485149485,0.21982001200269147,0.5465732505620963,-1.2677336376614623,0.6633873369801623,-1.3782079873364776,-1.0067621290500908,-1.2911135055142784,-1.4326997341792258,-0.5296060841990116,-0.41415669690267976,-0.10397375600692266
0.076397174663198,-0.06620732454978145,0.7018837406120726,0.536097224796021,0.15266945058460935,1.5798284420069915,0.8781878342579217,0.41650812129408765,0.3802077353676675,-0.20776450049079703,0.3887414080963219,-0.2706802504545727,-0.6848185576325108,-0.5146204602733221,0.09165043849530508,-0.5961084025853622,-0.1630814811121276,-0.6471104853247278,-0.8505265270366773,-0.49956154502508415
-0.3688551508231396,-0.14053028303972798,0.5830647591688453,0.5829452018619076,0.8724973130123216,1.4284373501230587,1.571155597244429,-0.05360533110159271,0.3383946375829687,0.6924571814121743,-1.0274565245862108,-0.5296856857198246,-1.0599275708286016,-0.553472005409263,-0.18424347866273438,-1.7335943853618176,-1.2892392571925644,-0.5096745423096308,-0.5592424434174597,-0.00610359613464917
0.9493497515859812,0.36075618423177275,0.8158632833430991,1.7322188665094898,1.163227130201383,0.2809258612781541,2.0431430455966098,0.9097823520636372,1.1163472281495503,-0.27655937173804973,0.11209753081812951,-0.037893554561650056,0.1301174295924794,-0.7560975979324233,-0.2547201678283273,-0.29472917673613064,-1.088428501921122,-0.7986001851544047,-0.34074707831100837,-1.3314959197390321
-0.39156455696786363,-0.4585886160919032,0.673700948835498,1.4387869832600648,2.022881117087315,0.638271669689819,0.5700838341552521,0.9475316335618174,0.23420579065227048,-0.5039378961357412,0.08838109525153835,0.19509543602487484,-0.8874489941497823,-0.6590273727904097,-1.6124325932589185,-1.1283387268858693,-1.1563762248632992,-0.6601052727174078,-0.007073261760742744,-0.28022721421695873
-0.12709161165503757,-0.20914583989230878,0.349753786360409,1.0373323945277524,1.831817014603708,1.1288951623713812,0.9294247801601232,1.0635670938429271,0.41040258993281514,0.34167528441768913,-0.17222628135982346,-0.6185860113136428,-0.7544917147002117,-0.4328321917204029,-1.4197904466462792,-0.8811529835238611,-1.218693537178414,-0.051532776482522524,-0.1467212479635494,0.06448697921257313
-0.174964177247683,-0.25077209931882255,1.2787508524166533,0.6066722925952075,1.616050130880999,1.757982679787577,2.260787344714615,0.8647043338656453,0.9030525627738564,0.8933821763714682,0.004514173512747135,0.09615585326573084,-0.9132484858604499,0.017893333227023134,-1.029124204086046,-0.9062094160880085,-0.4381881123797047,-1.5193459749742246,-0.5726475290193684,-0.38566631225927495
-0.24426951237106678,0.9971343978489315,0.9010678154959826,1.1128334709618717,0.2680849859967567,0.3598741413498302,2.0707463711747005,0.5403092520360752,-0.25288802816088707,0.019883461828585025,-0.4437233572884886,-0.1478615718416357,-0.5905587506369046,-0.6998067039770691,-1.0270540861721933,-0.9535840996370663,-1.8401782594164386,-0.4561278468359342,-0.42696954720609337,-0.01647589942134725
-0.485454779454436,0.5602453786421331,-0.16833791771462803,1.6298230995725147,1.0008427128398294,1.1564678629538712,0.6716197242314554,0.7270282812575329,0.4219614957117501,-0.4404255172993507,-0.32206900646713804,0.08855318668183548,-0.690597925687898,-0.717700604647207,-2.0597958352544374,-1.309362068369669,-1.6123715244514683,-1.1009902144885495,-0.47362972631823763,0.17652786789244623
0.3085465597386329,-0.4342789536807699,0.10041929265763477,0.6909455976152308,1.098878479714753,0.12280690882741141,0.6970499789162288,1.0587475585545318,-0.025681562918855372,-0.5064984018525434,-0.7285049737092146,-0.25755052578272997,-0.9210177364012195,-0.7515919019897482,-0.39387524140729513,-0.9340876166383014,-1.915065984500877,-1.212512821762984,-0.6659726907562454,-0.6127316221362744
0.3440635933749784,0.30732788732458655,0.8222204070718947,-0.2508839876223825,1.0507288433423454,0.8155057694747154,1.0907907310088547,1.3659272690190805,0.6183486463751133,0.6717109836708623,0.550180451183406,-0.13956598819705202,-0.310956088422727,-1.4069522519749864,-1.5259970197988364,-1.202426447681327,-1.2632005711148004,-1.5974950844084779,-0.4311822223836669,-0.7079337488343124
0.04796781640806785,0.22318811145015144,0.375656534971224,0.5544667739105792,0.5828851719592915,1.1030561378118637,1.0192244745091164,1.1532481807162789,0.14514280890397646,-0.39168627329313205,1.4355744166662823,0.154969110793791,-1.119292875159443,-0.5194257961282642,-0.35604342490312946,-0.9344683699578891,-1.2792735141908078,-0.09654355124900249,-1.5440553768905074,-0.3750356585449034
-0.18597628877304542,0.9357415307340418,-0.08412448081855362,1.2667353258323337,1.051722627047476,0.5789701418440258,0.8812992685513725,0.5794326911214571,0.12215658848338512,-0.35824679497368156,-0.8955488697727637,-0.21819306645051367,-1.3366033798911245,-0.45253282402426737,-0.9026861406079321,-0.8994408908956497,-0.9800511023927484,-0.23122397963678742,-1.1325543794167205,-0.1542081045646674
-0.2739059575724794,0.005726377362128332,0.6859894804481992,0.026284985642975878,0.9231528143540576,1.0378730545388686,0.786580778608386,0.439873994128306,0.20002629561028046,0.2628939248592752,-0.42599553471428464,-0.10294149732134095,-0.9667917944429226,-1.8092651830946611,-0.5508768713465915,-0.37218142394688203,-0.13546891612008782,-0.4377007884203287,-1.2275436908596953,-0.19026519958831434
0.2764258589108737,-0.18754768173410935,0.3314908431889572,0.6108399433824424,1.0769569100717504,1.5335908818581676,0.7776016123839626,1.2096331865094114,0.4520425188621038,1.3538899771202522,-0.05197941197927368,0.07677088107012192,-0.11764459443191716,-1.0890690139735641,-0.9075616034753695,-1.4638174197554534,-1.2290936396667935,-0.586507423336996,-1.00877811208378,-0.6181538336120559
-0.28861649987789406,0.750193937122114,0.04053702958437089,0.2653531116574964,1.4711914690040793,1.515582259879928,1.8794216041487954,0.6991731800728489,-0.19037522054101208,-0.3256982910616229,-0.3100818136604727,-0.4847522713656567,-0.45984370005777564,-0.55528844708352,-1.2845102065760514,-0.5673182239020935,-1.3544422227354176,-1.5362464076704985,-0.9587870326993579,-0.07668603931399026
1.071584222079416,-0.5709784491645364,0.09137674355354292,0.17336553144748035,0.8202235608196576,0.23477544140368733,1.9979460161936105,1.0891062860300476,0.2969300382293243,0.9855368054104228,0.5703826976428098,-0.021921853253229595,-0.9246714922067818,0.19666806615631083,-0.6283139613472313,-1.4410213337930162,-1.0527533007789012,-0.8391708870275004,0.3849105806108244,-1.1997463818630636
0.1887037083379814,1.8281656696733881,0.1913311732891963,0.8113488150400103,1.722372362040931,0.9370017124503692,1.1597533326065907,0.6773753213457568,0.45354084967319547,0.19385174491688295,-0.7438874439855987,-0.7444732166161516,-0.8827688362689612,-1.2720888474682757,0.19263586342848937,-1.3966809347540114,-1.6454620607657677,-2.0014053279101565,-0.9637161429569041,-0.4752302045541959
-0.35620802765124565,0.10212816175027864,0.4772244598388694,-0.038285212342497155,0.8894341003412664,1.0143117082701658,0.03481832156285147,0.2635569504142793,-0.08348140388015846,0.3342035530805642,0.03777090981038525,-0.08214645878418766,-0.2765309658636319,-1.12541638632765,-0.6049034520100016,-0.392800200677768,-1.5811886078641546,-0.25085664978394107,-0.8049590680069687,0.07376665880933908
0.888241800488016,0.43371060155511537,0.5078267704787915,0.6638410569731343,1.2190600148616524,1.3257943369000786,0.9571165175958376,0.8716000079457097,0.2098211044321152,-0.5869955189280789,-0.5814841269327096,-0.5295264501074999,-0.1525434205510785,-0.18885451361918348,-1.1728695875660606,-0.796506891970509,-0.8247604334865423,-0.9572471904289227,-0.14985960617782967,-0.9909776305462143
0.21226901089262343,-0.2546809291457511,0.8478813940185339,1.0306795813556358,1.0647089817986541,0.7803377771601946,1.1543564035411467,0.3842821408125214,0.4701112141838625,0.9073673510669757,0.006768528633607873,-0.10838882207472453,-0.5889080824298732,-1.2693280465836805,-0.22768690178025708,-0.9015093375390726,-1.250485311852738,-1.4468712696269832,0.19670395901079218,-0.5110972763268095
-0.7552102525607913,0.09188466614082541,1.41771781775934,2.484958974964832,1.427116303166297,0.8081613635692463,0.8709989781639158,0.21643393655679966,1.3317946037499226,0.6105989410493631,0.190960342469833,0.09007707465483761,-1.10327129782286,-0.8665138338281503,-1.2422081104344616,-1.328637790362324,-1.494914518089094,0.0770918250143432,-0.2521447300021369,0.20169149481083865
1.3126572217544152,0.3570730493103735,0.5427697857373154,1.2459769112839332,0.8589620428753373,0.982559538535867,0.7993583584991582,1.6509547873148822,-0.08838499425568858,-0.013234102814682569,-0.36515588155787626,-0.4211529493942333,-1.3415475549411426,-0.8378865698898259,-0.9736946052259974,-1.29116049875436,-1.3014277501078704,-1.2980171889001904,-0.031781367772615976,-1.6554429189727105
0.3859223847488498,0.36421453723323916,1.432705506995216,1.1614268525609432,0.5190629443406214,0.6795752757618092,1.0870185282182743,0.6160972761319107,0.825040753324197,0.5795781794197222,0.6498253298000722,-0.38768135471575904,-1.2889888434152765,-1.2869792457053792,-0.4082359559909515,-1.3502247269170868,-1.9755424632596204,-1.147563746334456,-0.6177076793109686,-0.6173508696999688
-0.5638406588047401,0.7058692530815324,0.7578238818301701,0.07064834141844123,0.9325511111555927,0.23710239879499895,0.6778479511717025,0.8169606680264622,0.05496373172625468,0.1964961626916304,-0.07896459325841258,-0.508460550450982,-1.0140650169320826,-1.360016572012919,-0.660179513991709,-1.0882544891329344,-1.8453872512163632,-1.1600933349974762,-0.7853675237318639,0.14972718009898234
-0.1455908562595271,0.011227042668587872,0.4212680698161279,-0.010593408533710158,0.9379123478296215,1.949018663335873,0.15098112038140954,0.5802341427310514,0.9306157948888164,-0.01853934787974032,0.6774585062880266,-0.31655854457029264,-1.074509146166005,-0.3189529599804266,-1.1893896503674761,-1.594126447483607,-1.5979960203054553,-0.5673927451885743,-0.44839184775776797,-0.031439351000629945
0.6564580116618836,-0.2406086591454299,0.5113915693278689,0.8123338820739022,1.3258510502157037,0.7956767895744625,1.8390364618224924,1.7700952657977238,0.37545751445347353,-0.7913999571156007,0.12103475625822423,0.6080255031092232,-0.789985856921125,-0.22295646038397565,-1.205816124799787,-1.93014107063811,-0.2936428218466286,-0.14419744653730637,-0.9495858704259252,-0.7476351522062321
-0.389125608414596,1.0626847783134787,0.416260270536713,0.5077864767263895,-0.007942322215361619,0.6257615685523821,0.20767149210152624,0.5239657236950397,0.0722419670812754,0.22888183052287017,-0.088533966159421,0.8517740941794878,-0.8876092579876603,-1.2197853680246915,-1.448617969837028,-1.5232030003794583,-0.6476852232430126,-0.2827747166948694,-0.5880203531331676,0.24921242912456204
0.2084873600466604,0.6459590609114907,0.5820519016293642,1.1785378675312286,1.0403784999274448,1.1401973241648435,0.7365852713493548,0.30605503310934934,0.06939932539450788,1.0065463164699953,0.3961100029911478,-0.612253402299535,-0.5994668858140251,-0.3893977000874051,0.17607444151934526,-0.728593798885696,-1.0548303600372848,-1.144869593103191,-0.6785774176718748,-0.5429766708957084
0.9750798621188681,-1.0370157794960138,-0.13517743921152647,1.4505856487230364,0.8017148279856237,1.0856776357865887,0.7340768694433668,0.6263707218827828,0.6622310377582271,-0.06009123306766839,-0.3613639925840129,-1.0258153402269228,-0.6842750272921959,-0.5347144844477473,-2.1320080660633405,-1.9940365687000705,-1.5183935626927167,-1.355496824668161,-1.1982079080330061,-1.4951377247282505
0.516187548584599,-0.1388540886593807,1.0615133209228176,0.8778545669168728,1.0335098524247326,0.9290673334049664,0.10631445359717806,0.5730868700587639,0.5339734880348735,0.2134748099380185,-0.0071527316868395755,0.15351400030586948,-0.9869591891035456,-0.00791520832313175,-0.40642265498555374,-1.7780769509878573,-1.2596188117187088,-0.7569628484177731,-1.0173579557453745,-0.9436854119708276
-0.7528350655177387,0.6416977636361698,0.7133391393240878,0.06490295229787091,1.569563534939273,0.6361926725920231,0.546153492001688,0.8844068345442865,0.806995946274446,0.8763274312699356,-0.2725923170434181,0.421075175243982,-0.8919268974205603,-0.23231736389620417,-0.99566486878045,-0.6765662941136334,-1.4025587442436804,-0.7066531516304618,0.23659048500345148,0.3220881215328201
0.079964649087553,0.31638200956062457,0.4998913219095547,0.3664735154250001,1.724384417480862,0.5324919815336402,0.6866602561942408,0.4760991823524487,0.3043658704406288,-0.7766427666640512,-0.37977477073056004,-0.9813198280119091,-0.5355801812535433,-1.144267463439542,0.3611735399786632,-1.5906757999172962,-1.1424850427383328,-0.4145495805326579,0.011731183210665797,-0.4357564343664426
0.11286644096562522,0.30767945158324456,1.2020479001850268,1.3768851700326952,0.3210283787119347,1.3917997137895606,1.7642524748979573,-0.5018275690368583,0.33587633272115813,0.06618352996605611,-0.5218930533539711,-0.26726531815649307,-0.8998434812691225,-1.3832931260606198,-1.002024042161289,-0.795704237713794,-0.6826726358654586,-0.5369856076242838,-0.7406902646805188,-0.3164765618911803
-0.10934655117163176,0.06074157154423884,0.5350346598060358,1.2086718650699357,1.427938951406032,0.7550376737622007,1.6194336329361012,1.737928944826217,0.15715943997913356,-0.017312506911406234,-1.0665620469950214,-0.6230884123797247,-0.3946425703199151,-1.1144904108107605,-0.3394056131730583,-1.1968186149119444,-1.1551376433848821,-0.7103144542111437,-0.6413623465565199,-0.03612310936086521
-0.11890010434378527,-0.09314223778294556,0.11583627627181192,0.14620204470328546,1.833000847962618,1.0077974487199757,0.547758310570232,0.91209637311525,0.34907164197273854,0.4006065574045612,-0.616466699941098,0.2657294785688206,-0.4669687202157302,-1.3054230670341007,-1.267830890445989,-1.1436917990293218,-1.2915045656412232,-0.3501225035261874,-0.35237104771665884,-0.3010014466361637
-0.7008146285954951,0.6926055553198156,0.7998528091293914,1.076557214689664,0.7694766175422243,0.8165017672812558,1.2760245497765537,1.125611668519431,0.22381087704568753,-0.4179202193735088,0.33486564646139866,-0.5372146876847084,-1.1472013078860073,-0.33762668429323905,-0.45265191101269214,-1.5780924552769025,-0.7467365366791398,-1.0172716677157176,-0.7525665403413689,0.48700163307585237
-0.031872995882482075,-0.4910548491171635,0.651063187423503,-0.137955364028164,0.61242968172879,0.9509171009874977,1.387871976180303,1.1336770426177958,0.046552966773449334,1.0177231731725795,-0.2309961934382893,-0.42504256939011814,-1.351444358199804,-0.8306970008359563,-1.1516754526116593,-0.2311893401389692,-1.1381072909886611,-1.681583284075073,-0.5188501893084162,-0.36097759285906206
0.269110871729162,0.8257420312583328,1.4630525409526216,0.5845007636843419,0.40888700781828025,1.2622514250773724,0.665975333734825,0.4903055560110537,0.22002764472169284,-0.0615963612105529,-0.33842422517366316,-0.5382071842787207,-0.9968156319891546,-0.8219611511474859,-0.3193496861463676,-1.1644233731997766,-1.0048545583222468,-0.9305963502109431,0.4437354841742338,-0.403566065012299
0.030444011023470732,-0.2607299944063502,0.14206404852672372,0.572422747738559,-0.1969168591418088,1.7805771084664488,0.15191190657219478,0.34221585897837425,1.1761125909756305,-0.12807869126011023,-0.1434973850512896,-0.2319834511630025,0.0007584794046316956,0.07779380884182774,0.2878003400353156,-0.3875040833612883,-1.8648728829058485,-1.3127609294837401,-0.9314876200562492,-0.04388586869668781
0.3060347076339975,0.5415798031253323,0.9360665508177133,0.8049395449901318,0.29202075534537786,1.013223521959784,0.4597424717969868,0.44021744268489194,1.0438629769054966,0.49569123395926606,0.03938883608992242,-0.32903083752050694,-0.025001080656381958,-0.7382581684837796,-0.8358325232643532,-1.2814773261237276,-1.9920988551412233,-0.45829015191468264,-0.08317735338401078,-0.5140138129735021
0.5290302127555078,0.5951420783452891,1.0788785979393847,1.075694308063263,1.1763343614546555,1.3709295327395448,1.1814009694411973,0.4480360958001113,1.2258880193006312,0.7105466042371588,-0.6590208842050652,-0.8923724943063724,-1.0592853129315976,-0.964477330986342,-1.536672987993835,-0.7853310593968643,-1.2970001044490078,-0.649177412522658,-0.40265333048439533,-0.9592992388978805
-0.47643631290876914,0.2722872041163783,1.0007262268215404,-0.12282979562324758,1.0098240742668723,1.3669581729352926,0.7442901803809923,0.9798479503481148,0.2754882425141482,-0.390840831572091,-0.3907444139042357,0.11572165574660331,0.1509094222828814,-1.2410749761934643,-0.37532008176317533,-1.3940930615302882,-0.9056230075794944,-0.5913855370045493,-0.14753685738183409,-0.02615036518149555
-0.17445739241762984,0.46020196507667166,0.6732338594426912,1.0418554543069856,0.5617033937386622,1.7426562135440549,0.8334255667430464,0.827449390510339,-0.004320245080256635,0.114115037533948,-0.0946032855517219,-0.6766195550146916,-0.833271382129193,-0.7288901822724982,-1.5048067480655192,-1.1935928749346458,-0.40325492051125134,-0.5586947399347844,-0.741504200164076,-0.2572225090259441
-0.37415449622531277,-0.4854539495609855,0.11580400833567983,2.0312356128190077,0.7040075393511543,1.0893845935350241,0.8183561112446078,1.1080827848501857,1.2276643572226504,0.3403080338307572,0.37769077143319274,-0.1072579315490518,-1.2953360566722378,-0.613263870984409,-0.887492645298014,-0.6886231639942264,-0.8508494775193954,-2.1062423962281063,-0.6632960650768132,-0.14413221247315475
-0.5048322273958687,0.6150273009625247,0.3363089850858313,1.2505609918070515,0.541370619319427,1.5053688123271867,-0.12097414523901895,0.8952843801147797,0.5203045670674905,-0.11453668769828235,-0.2881987870742519,-0.04703749719576322,-1.3703919320514073,-1.071313148308717,-1.4518117546965528,-0.33295335683839955,-1.287879824118966,-1.5355545625727527,-0.6219228264365837,0.17136612782145932
-0.5457101254936562,1.4750080844783753,0.546423053343599,0.49766421301193536,0.6042640446759073,1.2387931274830353,2.357537930794786,1.1904537249358962,0.8076397231797477,0.3748258280003621,-0.5395749870132206,-0.5100362349011571,-1.105933268750418,-0.6186159602396923,-0.6016519391397663,-1.6204924887011392,-1.2967385421319593,-0.45532416194250724,-0.20872729892611486,0.2554735693128221
0.19588061916524657,0.7247648321669273,1.0669323610823445,0.3011038666163828,0.8429751379187167,1.0574213650699495,1.0749482446537337,-0.10518228211251679,0.2998210240673309,0.200965054694226,0.6131747660290473,-0.5285493731019886,-0.3153501369268465,-1.568791033216896,-0.9855852411533055,-1.2223131180951845,-1.6466743139653597,-0.3244362107234125,-1.0469623765882485,-0.9143994160241233
0.19109891004781362,0.7598028682025806,0.9745855066008027,1.7765080300607325,1.3298405578949264,0.8683546195512948,1.4724375455862715,0.6548910703284432,-0.17277164869720552,-0.1795084456869388,-0.26473235414361007,-0.20155037154509126,-0.49779605746524647,-1.171611617609336,-1.3482539182578575,-1.0047963321503908,-0.7112341651311771,-0.566347702850954,-0.6967190136117533,-0.544350386787597
0.4963311363363388,0.31009961762634575,-0.14517049781426183,-0.24720580004639325,0.5212564056386528,0.8304743170026463,0.6832332881413421,-0.2818745219309655,1.425058384001992,1.0724577380104912,0.3374295522859841,-0.3760893375346558,-1.2497561223661444,-0.8809143485054677,-1.1543515449070727,-1.7213739020380832,-1.2727078856388205,-1.237094425082304,-0.18085276690204982,-0.9786672643163228
-0.7510806868056615,1.2702252569163264,0.15273976166979908,-0.5963923556550248,0.992109012166824,0.9430608123942327,1.8429068316316766,1.347161796225265,0.9837338098213331,0.4208221613501767,-0.1652893382320571,-0.3507699710111253,-0.8366221703618851,-1.0199258238924584,-0.7086996519376635,-1.090116625632582,-0.9012158437714083,-0.7008683940445846,-0.4867600459986492,0.28561964698219916
-0.45426881397098956,0.0929389293393289,0.9310460799508008,0.521209602736356,0.33167523178246117,0.6400008558543966,1.3752351855453364,0.6771203874760636,0.499797986871661,0.7242829167141174,-0.86754012135654,0.11597437166167518,-0.10561638497618886,-0.697427330334434,-0.37414543952581714,-0.8187764070563324,-0.22673198636214875,-1.3689932967692184,-0.6874403460358788,0.08541527814143984
-0.5613368944602392,0.7322416006045043,0.7767585647388446,-0.11883000329059501,1.5602798515973286,1.1726929121897045,0.7959725197467042,0.7134039074132307,0.42316316254274894,0.47415024615334395,-0.05710231261267544,-0.29571157065651643,-0.4753597698046432,-0.5617300789459492,-0.8495153934496369,-1.3312116542667916,-1.6330632457286627,-1.142231664762387,-0.160961594721456,0.25261275625011764
0.8333964927844454,0.03376143438662493,-0.08183672279201348,1.202009715179954,1.2821157548681674,1.237161866308372,0.4893946740192072,0.7416285868725957,-0.11188965714555876,0.0457585735714382,0.8749893928504067,-0.35668579177402226,-1.315398802912888,0.11021256484495245,-0.9815322728204423,-0.9950747300646243,-1.3680580380223717,-0.6602176127955344,-0.30230548484165115,-1.219181650919508
-0.22423634896226177,0.5332571022668899,0.916997171831093,1.328015784086549,0.288151079596475,1.4852148910423189,0.5727895734953635,1.2591983760040215,0.6329593931003179,-0.5904641197430645,0.041489574386080606,-0.7043762339586638,-0.6632640642157324,-1.1691454214441017,-1.2679092811485104,-1.8031195924599377,-1.4388960553646837,-0.782094375995269,0.003040917790732678,-0.07507210355677135
0.6111285632866894,-0.3268714641807248,-0.1575945958894328,0.6987184208742819,0.5762254856842424,2.1876692078610955,1.4132906276599302,0.4562308150519361,0.28749760847093214,0.3069661639514424,-0.06817132151931699,0.3902438022054205,-0.7157002688847058,-0.9909955934949073,-1.2190553711676273,-0.8142749635486517,-0.5701352482630639,-0.766651696970874,0.07872731449805892,-1.0964952906781746
0.4619663147445404,0.10175445817100023,0.2799927198049134,2.1978945240913665,0.1892838989427823,1.4502586957888317,1.9031605358328734,1.168349442177558,1.0626570164829903,1.113134003367648,-0.4043932145841959,0.15269375029508103,-0.6987065647336713,-0.791857352906825,-0.6469171790293184,-0.8348734934677433,-0.2238497472490476,-1.545302473694949,0.2459274190251145,-0.7164701722327883
-0.6122637617621774,-0.07331890813461844,0.20693114519333322,1.7949800699733416,0.5910261336793008,1.3220180347978827,1.2219113225681733,1.371783984000776,0.2945256954136255,0.9268736204191517,0.8597179652572784,-0.8402051196573364,-0.9382268654462622,-0.2804073289173509,-1.0843874413576147,-1.2163156630588297,-0.09168936520893434,-0.6773455107488076,-0.0320174866296673,0.3085159796112367
0.032799256875437346,0.38351944728582843,-0.33177475438250037,0.8501101661494181,2.0519269257734027,1.130733740056109,0.5959546029428786,0.6467580701125957,0.0363718951534997,0.030303998563023904,-0.052723872001906175,0.09123772302531724,-1.0631508019726894,-0.8618173857077892,-0.47841796576454537,-0.2955476411796283,-0.8301126222508067,-0.7878908159662923,-0.8366864879559074,-0.19054849348866215
0.2757858054464678,-0.1932050497860513,1.6302080496975015,0.508876664440572,0.6979688622100693,0.663307941862845,1.1002305505711296,0.8922398254074045,0.6697621023428766,1.0092075785373216,-0.01654114792610508,-0.4544688477581052,-0.34053641252441785,-0.2380725697640187,-0.06056971145572909,-0.5662402288153379,-0.5488344667412735,-1.1426736844252245,-0.3750868042558563,-0.4991786857456678
-0.6626445955078469,0.4852847808884224,0.9135068005597424,0.1346075365289594,1.379232218294239,0.5270874637052132,1.2065629654167374,0.47623546621361146,1.6768696992424732,-0.0580019732982307,-0.8305207905996536,-0.1665646142716057,0.5008540534357001,-0.828549212478268,-0.35386039011645287,-1.8153374596847183,-1.4007451438411105,-0.34345533843684883,-0.6107334988714279,0.3377880712982378
0.08733284089767455,0.4090065377379328,0.9648499791130649,1.0217933359087767,1.0916192917393313,0.9028223019040251,1.656561281422634,1.6273425402900914,1.2500878935185562,-0.6142154838638745,0.38624549642867967,0.017198373108480658,-0.5709653062482193,-1.959625490077047,-1.7618978032973003,-1.2436012100078488,-0.9316830810012506,-0.8863471394908279,-0.304466118491648,-0.2311900772534004
0.9437576470945018,0.10109933349556968,1.2089453842240987,-0.12159712558038072,0.7427653163588654,1.436320168802327,1.6760720230156458,1.8480437635605533,0.5492690867628278,0.9020481649172871,-0.32599478627268236,-0.8451301508672748,-0.31610532352661114,0.05142352664423033,-1.5038457767343592,-1.3269964929648599,-1.2945965014147574,0.12937036807356073,-0.05667110062116487,-1.3529626585471186
-0.5424746775632786,-0.024096110825369943,1.5169263579361036,-0.0010610492693922113,1.2894321385387018,-0.21430977070403756,0.30364558366449756,0.946709669416149,0.37358353702286223,1.0088941598863497,0.07913437151678358,0.26233672191080454,-0.12104544701038877,-0.9788759480849463,-0.24597515081759824,-1.2467607480749887,-1.320615147598174,-0.9965587488580925,-0.5945117430912148,0.2585757556969212
0.21570912932967434,-0.2269276872553065,0.31921177866279343,-0.17683817832425885,0.9817412993941345,1.3392374542731706,0.7261195292483744,0.16787570334520963,0.4227608032767174,0.8399459878118558,0.15904736604904313,-0.41494470305367354,-1.2872705404048592,-0.5588245822806512,-0.3743607283112401,-1.6231386070957203,-1.2851688818787714,-0.6378326228353296,-1.6761508076314395,-0.4482710231523524
-0.03703330247364513,0.6216773154874706,0.7277345617464391,0.5761318146927286,1.4772389174962912,1.2930893288230416,1.8545232803009513,1.5149525845807015,0.14111711324573012,-0.9422278048731803,-0.2963273276294666,-0.137190883413362,-0.9775363288435134,-0.9071003278740617,-0.524031556999589,-0.9408495711102745,-1.6504613144546114,-2.2369232627881535,-1.1584188211870554,-0.1576095800632902
0.16740914347274,0.8383001472021778,0.18527179892088275,1.8671828486812172,0.6875445077877506,1.411620952700848,1.536020220054163,-0.12509532209237462,-0.053823814704463735,0.13684155708220663,-0.7737612936361288,-0.43704760521361463,-1.2087675117444323,-0.6720326564954215,-0.8832083810923387,-0.668113405341312,-0.5075976830864954,-0.4242184710684473,-0.9841962532267492,-0.5524848333279966
-0.09101556262141063,0.05268624270758876,0.22989409485577028,2.187382061196672,0.35793239065158566,1.3395048181734497,0.5408381442407504,1.295270002285799,0.57877463802534,0.653283788796007,-0.41064734575647416,-0.7514634053021296,-1.019993852983559,-0.641169809785647,-0.5190558237628841,-1.0118234483295754,-0.461111082026478,-0.9350138738822529,-0.8792816984344622,-0.15729518059673026
-0.5708360334577337,-0.23858493220512805,0.4004284029055359,1.1646050035698499,0.946367382741703,0.7240107203483419,1.0415518514942752,0.5489530213214435,0.6254862786523409,0.18548078254168454,-0.4772368676740563,-0.5873935535691035,-0.35212874428443125,-1.0932307515120088,-1.9011803434576446,-0.6538296449251242,-0.9446254051725731,-0.5195959981963572,-1.2945223790701297,0.43728463812962987
0.31738003638623974,-0.3233778519757628,0.15028932608685114,0.07408345233527625,1.455349502678232,0.7887168799508584,0.8826992198906828,0.4030243429987266,0.5805143573408609,-0.02977836641418019,-0.24665809835117508,0.09323130070786978,-1.504070079663633,-0.7642688965828481,-0.9497913772866203,-0.6369919612234234,-0.05403521815092727,-1.514589361767755,-1.041973527453984,-0.814110267730539
-0.2948517741328348,0.04948147591401608,0.19718015950031337,1.0450290692087691,0.7974689914194228,2.564612222211662,1.4497692451055846,0.3529380435289779,0.6953689191717719,0.03270767255508522,0.10683694480356219,-0.5365888051206601,-0.5276924701114659,-0.7681772615169447,-1.3053734600242326,-0.6593079786546614,-2.315280447251423,-0.30328418093571574,-0.8072748189892173,-0.01644292397422542
-0.9041854795417722,0.8496561366129878,-0.06290207649064394,1.278154557262155,0.906759688496004,1.7134086972603013,0.8227122938476961,0.6728322769769394,0.3640602236614169,0.2195565961827709,-0.13530555915219974,-0.5217458500011546,-0.1258331925431253,-1.135282498122051,-0.3125596878893545,-1.1691354730054504,-1.1985540579885665,-1.3753687785099613,-0.7602845292846103,0.6631707592349707
